operateur_nom,nom_ligne,type_ligne,type_service,gare_depart_nom,gare_arrivee_nom,heure_depart,heure_arrivee,distance_km,duree_h,emissions_co2_gkm,frequence_hebdo,traction,source_donnee
ATC Romania,IR 11501,Train de nuit,Nuit,București Nord,Arad,19:28,08:15,604.0,12.78,23.18,7,Electrique,Open Night Train Database (Back-on-Track)
ATC Romania,IR 11500,Train de nuit,Nuit,Arad,București Nord,19:05,07:29,604.0,12.4,23.18,7,Electrique,Open Night Train Database (Back-on-Track)
BDZ Bulgaria,2626,Train de nuit,Nuit,Varna,Sofia,21:40,05:45,533.0,8.08,21.39,7,Electrique,Open Night Train Database (Back-on-Track)
BDZ Bulgaria,2627,Train de nuit,Nuit,Sofia,Varna,23:00,06:52,533.0,7.87,21.39,7,Electrique,Open Night Train Database (Back-on-Track)
BDZ Bulgaria,2636,Train de nuit,Nuit,Dobrich,Sofia,20:35,05:45,572.0,9.17,,7,Electrique,Open Night Train Database (Back-on-Track)
BDZ Bulgaria,2637,Train de nuit,Nuit,Sofia,Dobrich,23:00,08:05,572.0,9.08,,7,Electrique,Open Night Train Database (Back-on-Track)
BDZ Bulgaria,3636,Train de nuit,Nuit,Varna,Sofia,23:40,09:00,513.0,9.33,21.44,7,Electrique,Open Night Train Database (Back-on-Track)
BDZ Bulgaria,3637,Train de nuit,Nuit,Sofia,Varna,23:05,07:16,513.0,8.18,21.44,7,Electrique,Open Night Train Database (Back-on-Track)
BDZ Bulgaria,3686,Train de nuit,Nuit,Burgas,Sofia,22:50,05:13,425.0,6.38,21.18,7,Electrique,Open Night Train Database (Back-on-Track)
BDZ Bulgaria,3687,Train de nuit,Nuit,Sofia,Burgas,23:40,05:55,425.0,6.25,21.18,7,Electrique,Open Night Train Database (Back-on-Track)
BDZ Bulgaria,8626,Train de nuit,Nuit,Burgas,Sofia,23:00,05:45,444.0,6.75,20.5,7,Electrique,Open Night Train Database (Back-on-Track)
BDZ Bulgaria,8627,Train de nuit,Nuit,Sofia,Burgas,22:50,05:50,444.0,7.0,20.5,7,Electrique,Open Night Train Database (Back-on-Track)
BDZ Bulgaria,8656,Train de nuit,Nuit,Varna,Sofia,23:45,09:00,539.0,9.25,20.41,7,Electrique,Open Night Train Database (Back-on-Track)
BDZ Bulgaria,8657,Train de nuit,Nuit,Sofia,Varna,21:00,05:42,539.0,8.7,20.41,7,Electrique,Open Night Train Database (Back-on-Track)
BDZ Bulgaria,9646,Train de nuit,Nuit,Silistra,Sofia,18:20,05:46,605.0,11.43,20.5,7,Electrique,Open Night Train Database (Back-on-Track)
BDZ Bulgaria,9647,Train de nuit,Nuit,Sofia,Silistra,20:10,07:20,605.0,11.17,20.5,7,Electrique,Open Night Train Database (Back-on-Track)
České dráhy,EC 458,Train de nuit,Nuit,Praha hl.n.,Zürich HB,18:28,08:30,915.0,14.03,20.55,7,Electrique,Open Night Train Database (Back-on-Track)
České dráhy,EN 40459,Train de nuit,Nuit,Zürich HB,Praha hl.n.,19:59,09:23,915.0,13.4,20.55,7,Electrique,Open Night Train Database (Back-on-Track)
České dráhy,EN 40476,Train de nuit,Nuit,Budapest-Nyugati,Berlin Hbf,19:30,08:14,608.0,12.73,17.27,7,Electrique,Open Night Train Database (Back-on-Track)
České dráhy,EN 40457,Train de nuit,Nuit,Praha hl.n.,Budapest Nyugati,22:03,08:29,608.0,10.43,17.27,7,Electrique,Open Night Train Database (Back-on-Track)
CFR/MÁV,IRN / IC 78,Train de nuit,Nuit,București Nord,Budapest Keleti,21:00,12:50,858.0,15.83,21.21,7,Electrique,Open Night Train Database (Back-on-Track)
CFR/MÁV,IRN / IC 79,Train de nuit,Nuit,Budapest Keleti,București Nord,15:10,08:42,858.0,17.53,21.21,7,Electrique,Open Night Train Database (Back-on-Track)
CFR/MÁV,IC 406,Train de nuit,Nuit,Brașov,Budapest Keleti,18:51,09:55,803.0,15.07,16.31,7,Electrique,Open Night Train Database (Back-on-Track)
CFR/MÁV,IC 407,Train de nuit,Nuit,Budapest Keleti,Brașov,17:40,09:43,803.0,16.05,16.31,7,Electrique,Open Night Train Database (Back-on-Track)
CFR/MÁV/ÖBB,D 346,Train de nuit,Nuit,București Nord,Wien Hbf,14:07,08:21,1157.0,18.23,21.35,7,Electrique,Open Night Train Database (Back-on-Track)
CFR/MÁV/ÖBB,D 347,Train de nuit,Nuit,Wien Hbf,București Nord,19:42,15:06,1157.0,19.4,21.35,7,Electrique,Open Night Train Database (Back-on-Track)
CFR Calatori,IC 472,Train de nuit,Nuit,București Nord,Budapest Keleti,18:25,08:50,870.0,14.42,24.71,7,Electrique,Open Night Train Database (Back-on-Track)
CFR Calatori,IC 473,Train de nuit,Nuit,Budapest-Keleti,București Nord,19:10,11:35,870.0,16.42,24.71,7,Electrique,Open Night Train Database (Back-on-Track)
CFR Calatori,R 4116,Train de nuit,Nuit,Sighetu Marmației,București Nord,15:52,07:04,606.0,15.2,25.58,7,Electrique,Open Night Train Database (Back-on-Track)
CFR Calatori,1641/R 4112,Train de nuit,Nuit,București Nord,Sighetu Marmației,21:01,10:00,606.0,12.98,25.58,7,Electrique,Open Night Train Database (Back-on-Track)
CFR Calatori,R-E 4007/1642,Train de nuit,Nuit,Bistrița Nord,București Nord,21:25,06:20,451.0,8.92,21.95,7,Electrique,Open Night Train Database (Back-on-Track)
CFR Calatori,1641/R-E 4008,Train de nuit,Nuit,București Nord,Bistrița Nord,21:03,05:57,451.0,8.9,21.95,7,Electrique,Open Night Train Database (Back-on-Track)
CFR Calatori,1641 (CN),Train de nuit,Nuit,București Nord,Cluj-Napoca,21:03,07:02,493.0,9.98,20.89,7,Electrique,Open Night Train Database (Back-on-Track)
CFR Calatori,1642 (CN),Train de nuit,Nuit,Cluj-Napoca,București Nord,20:03,06:20,493.0,10.28,20.89,7,Electrique,Open Night Train Database (Back-on-Track)
CFR Calatori,1641 (SM),Train de nuit,Nuit,București Nord,Satu Mare,21:01,10:39,758.0,13.63,19.53,7,Electrique,Open Night Train Database (Back-on-Track)
CFR Calatori,1642 (SM),Train de nuit,Nuit,Satu Mare,București Nord,16:20,06:20,758.0,14.0,19.53,7,Electrique,Open Night Train Database (Back-on-Track)
CFR Calatori,1653,Train de nuit,Nuit,București Nord,Vatra Dornei Băi,22:35,07:34,606.0,8.98,21.45,7,Electrique,Open Night Train Database (Back-on-Track)
CFR Calatori,1654,Train de nuit,Nuit,Vatra Dornei Băi,București Nord,20:28,05:56,606.0,9.47,21.45,7,Electrique,Open Night Train Database (Back-on-Track)
CFR Calatori,1667,Train de nuit,Nuit,București Nord,Iași,22:50,05:26,405.0,6.6,24.2,7,Electrique,Open Night Train Database (Back-on-Track)
CFR Calatori,1668,Train de nuit,Nuit,Iași,București Nord,22:45,05:28,405.0,6.72,24.2,7,Electrique,Open Night Train Database (Back-on-Track)
CFR Calatori,78/1743,Train de nuit,Nuit,București Nord,Oradea,21:00,11:50,711.0,14.83,24.05,7,Electrique,Open Night Train Database (Back-on-Track)
CFR Calatori,1744/79,Train de nuit,Nuit,Oradea,București Nord,18:04,08:42,711.0,14.63,24.05,7,Electrique,Open Night Train Database (Back-on-Track)
CFR Calatori,1763,Train de nuit,Nuit,Iași,Timişoara Nord,15:35,08:56,849.0,17.35,21.2,7,Electrique,Open Night Train Database (Back-on-Track)
CFR Calatori,1765,Train de nuit,Nuit,Timişoara Nord,Iași,14:51,08:13,849.0,17.37,21.2,7,Electrique,Open Night Train Database (Back-on-Track)
CFR Calatori,1821,Train de nuit,Nuit,București Nord,Arad,23:28,11:24,604.0,11.93,23.18,7,Electrique,Open Night Train Database (Back-on-Track)
CFR Calatori,1822,Train de nuit,Nuit,Arad,București Nord,17:48,05:25,604.0,11.62,23.18,7,Electrique,Open Night Train Database (Back-on-Track)
CFR Calatori,1837,Train de nuit,Nuit,Iași,Cluj-Napoca,20:40,05:20,459.0,8.67,20.7,7,Electrique,Open Night Train Database (Back-on-Track)
CFR Calatori,1838,Train de nuit,Nuit,Cluj-Napoca,Iași,20:30,05:10,459.0,8.67,20.7,7,Electrique,Open Night Train Database (Back-on-Track)
CFR Calatori,1920,Train de nuit,Nuit,Constanța,Oradea,18:43,12:40,991.0,17.95,,7,Electrique,Open Night Train Database (Back-on-Track)
CFR Calatori,1922,Train de nuit,Nuit,Oradea,Constanța,14:20,08:31,991.0,18.18,,7,Electrique,Open Night Train Database (Back-on-Track)
CFR Calatori,1941,Train de nuit,Nuit,Satu Mare,Mangalia,12:20,07:30,974.0,19.17,,7,Electrique,Open Night Train Database (Back-on-Track)
CFR Calatori,1942/R 8810,Train de nuit,Nuit,Mangalia,Satu Mare,14:26,09:39,974.0,19.22,,7,Electrique,Open Night Train Database (Back-on-Track)
CFR Calatori,1952,Train de nuit,Nuit,Suceava Nord,Constanța,20:25,03:59,526.0,7.57,24.14,7,Electrique,Open Night Train Database (Back-on-Track)
CFR Calatori,1954,Train de nuit,Nuit,Constanța,Suceava Nord,23:30,07:16,526.0,7.77,24.14,7,Electrique,Open Night Train Database (Back-on-Track)
CFM/CFR,401,Train de nuit,Nuit,Chişinău,București Nord,17:05,06:47,584.0,13.7,23.12,7,Electrique,Open Night Train Database (Back-on-Track)
CFM/CFR,402,Train de nuit,Nuit,București Nord,Chişinău,19:10,08:44,584.0,13.57,23.12,7,Electrique,Open Night Train Database (Back-on-Track)
Caledonian Sleeper,1001 (A),Train de nuit,Nuit,London Euston,Aberdeen,21:15,07:40,877.0,10.42,20.64,7,Electrique,Open Night Train Database (Back-on-Track)
Caledonian Sleeper,1002 (A),Train de nuit,Nuit,Aberdeen,London Euston,21:43,08:00,877.0,10.28,20.64,7,Electrique,Open Night Train Database (Back-on-Track)
Caledonian Sleeper,1001 (FW),Train de nuit,Nuit,London Euston,Fort William / An Gearasdan,21:15,10:00,839.0,12.75,22.41,7,Electrique,Open Night Train Database (Back-on-Track)
Caledonian Sleeper,1002 (FW),Train de nuit,Nuit,Fort William / An Gearasdan,London Euston,19:50,08:00,839.0,12.17,22.41,7,Electrique,Open Night Train Database (Back-on-Track)
Caledonian Sleeper,1001 (I),Train de nuit,Nuit,London Euston,Inverness / Inbhir Nis,21:15,08:45,914.0,11.5,20.68,7,Electrique,Open Night Train Database (Back-on-Track)
Caledonian Sleeper,1002 (I),Train de nuit,Nuit,Inverness / Inbhir Nis,London Euston,20:45,08:00,914.0,11.25,20.68,7,Electrique,Open Night Train Database (Back-on-Track)
Caledonian Sleeper,1003 (G),Train de nuit,Nuit,London Euston,Glasgow Central,23:45,07:30,645.0,7.75,22.64,7,Electrique,Open Night Train Database (Back-on-Track)
Caledonian Sleeper,1004 (G),Train de nuit,Nuit,Glasgow Central,London Euston,23:40,07:15,645.0,7.58,22.64,7,Electrique,Open Night Train Database (Back-on-Track)
Caledonian Sleeper,1003 (E),Train de nuit,Nuit,London Euston,Edinburgh Waverley,23:45,07:30,644.0,7.75,22.83,7,Electrique,Open Night Train Database (Back-on-Track)
Caledonian Sleeper,1004 (E),Train de nuit,Nuit,Edinburgh Waverley,London Euston,23:40,07:15,644.0,7.58,22.83,7,Electrique,Open Night Train Database (Back-on-Track)
Eurostar,452,Train de nuit,Nuit,Praha hl.n.,Bruxelles Midi / Brussel Zuid,18:04,09:27,852.0,15.38,19.01,7,Electrique,Open Night Train Database (Back-on-Track)
Eurostar,453,Train de nuit,Nuit,Bruxelles Midi / Brussel Zuid,Praha hl.n.,19:22,10:45,852.0,15.38,19.01,7,Electrique,Open Night Train Database (Back-on-Track)
Eurostar,496,Train de nuit,Nuit,Paris Gare du Nord,Berlin Hbf,17:45,09:59,1120.0,16.23,14.46,7,Electrique,Open Night Train Database (Back-on-Track)
Eurostar,497,Train de nuit,Nuit,Berlin Hbf,Paris Gare du Nord,18:31,10:00,1120.0,15.48,14.46,7,Electrique,Open Night Train Database (Back-on-Track)
Eurostar,454,Train de nuit,Nuit,Amsterdam Centraal,Milano Centrale,,,1144.0,24.0,14.16,7,Electrique,Open Night Train Database (Back-on-Track)
Eurostar,455,Train de nuit,Nuit,Milano Centrale,Amsterdam Centraal,,,1144.0,24.0,14.16,7,Electrique,Open Night Train Database (Back-on-Track)
Eurostar,456,Train de nuit,Nuit,Bruxelles Midi / Brussel Zuid,Milano Porta Garibaldi,17:56,11:30,1107.0,17.57,14.63,7,Electrique,Open Night Train Database (Back-on-Track)
Eurostar,457,Train de nuit,Nuit,Milano Porta Garibaldi,Bruxelles Midi / Brussel Zuid,17:30,11:10,1107.0,17.67,14.63,7,Electrique,Open Night Train Database (Back-on-Track)
Trenitalia,IC Notte 1954,Train de nuit,Nuit,Palermo Centrale,Roma Termini,18:48,07:18,867.0,12.5,20.42,7,Electrique,Open Night Train Database (Back-on-Track)
Trenitalia,IC Notte 1955 (P),Train de nuit,Nuit,Roma Termini,Palermo Centrale,20:31,09:24,867.0,12.88,20.42,7,Electrique,Open Night Train Database (Back-on-Track)
Trenitalia,IC Notte 1958,Train de nuit,Nuit,Palermo Centrale,Roma Termini,21:10,09:51,867.0,12.68,20.42,7,Electrique,Open Night Train Database (Back-on-Track)
Trenitalia,IC Notte 1959 (P),Train de nuit,Nuit,Roma Termini,Palermo Centrale,23:00,11:57,867.0,12.95,20.42,7,Electrique,Open Night Train Database (Back-on-Track)
Trenitalia,IC Notte 1955 (S),Train de nuit,Nuit,Roma Termini,Siracusa,20:31,09:01,820.0,12.5,20.12,7,Electrique,Open Night Train Database (Back-on-Track)
Trenitalia,IC Notte 1956,Train de nuit,Nuit,Siracusa,Roma Termini,19:10,07:18,820.0,12.13,20.12,7,Electrique,Open Night Train Database (Back-on-Track)
Trenitalia,IC Notte 1959 (S),Train de nuit,Nuit,Roma Termini,Siracusa,23:00,11:29,820.0,12.48,20.12,7,Electrique,Open Night Train Database (Back-on-Track)
Trenitalia,IC Notte 1960,Train de nuit,Nuit,Siracusa,Roma Termini,21:45,09:51,820.0,12.1,20.12,7,Electrique,Open Night Train Database (Back-on-Track)
Trenitalia,IC Notte 1962,Train de nuit,Nuit,Siracusa,Milano Centrale,13:35,10:10,1380.0,20.58,21.23,7,Electrique,Open Night Train Database (Back-on-Track)
Trenitalia,IC Notte 1963,Train de nuit,Nuit,Milano Centrale,Siracusa,20:10,15:48,1380.0,19.63,21.23,7,Electrique,Open Night Train Database (Back-on-Track)
Trenitalia,IC Notte 1964,Train de nuit,Nuit,Palermo Centrale,Milano Centrale,12:58,10:10,1427.0,21.2,21.37,7,Electrique,Open Night Train Database (Back-on-Track)
Trenitalia,IC Notte 1967,Train de nuit,Nuit,Milano Centrale,Palermo Centrale,20:10,16:55,1427.0,20.75,21.37,7,Electrique,Open Night Train Database (Back-on-Track)
Trenitalia,IC Notte 752,Train de nuit,Nuit,Lecce,Milano Centrale,19:50,07:12,1032.0,11.37,20.16,7,Electrique,Open Night Train Database (Back-on-Track)
Trenitalia,IC Notte 755,Train de nuit,Nuit,Milano Centrale,Lecce,21:50,09:30,1032.0,11.67,20.16,7,Electrique,Open Night Train Database (Back-on-Track)
Trenitalia,IC Notte 754,Train de nuit,Nuit,Lecce,Torino Lingotto,20:25,09:15,1147.0,12.83,20.05,7,Electrique,Open Night Train Database (Back-on-Track)
Trenitalia,IC Notte 757,Train de nuit,Nuit,Torino Lingotto,Lecce,20:58,10:10,1147.0,13.2,20.05,7,Electrique,Open Night Train Database (Back-on-Track)
Trenitalia,IC Notte 758,Train de nuit,Nuit,Lecce,Milano Centrale,18:31,07:05,1092.0,12.57,20.24,7,Electrique,Open Night Train Database (Back-on-Track)
Trenitalia,IC Notte 765,Train de nuit,Nuit,Milano Centrale,Bari Centrale,21:15,07:00,1092.0,9.75,20.24,7,Electrique,Open Night Train Database (Back-on-Track)
Trenitalia,IC Notte 763,Train de nuit,Nuit,Bolzano / Bozen,Roma Termini,21:30,06:06,631.0,8.6,19.81,7,Electrique,Open Night Train Database (Back-on-Track)
Trenitalia,IC Notte 764,Train de nuit,Nuit,Roma Termini,Bolzano / Bozen,22:05,06:28,631.0,8.38,19.81,7,Electrique,Open Night Train Database (Back-on-Track)
Trenitalia,IC Notte 770,Train de nuit,Nuit,Trieste Centrale,Roma Termini,19:11,06:35,711.0,11.4,21.52,7,Electrique,Open Night Train Database (Back-on-Track)
Trenitalia,IC Notte 774,Train de nuit,Nuit,Roma Termini,Trieste Centrale,22:35,09:55,711.0,11.33,21.52,7,Electrique,Open Night Train Database (Back-on-Track)
Trenitalia,IC Notte 788,Train de nuit,Nuit,Lecce,Roma Termini,22:15,06:10,647.0,7.92,19.63,7,Electrique,Open Night Train Database (Back-on-Track)
Trenitalia,IC Notte 789,Train de nuit,Nuit,Roma Termini,Lecce,23:58,08:10,647.0,8.2,19.63,7,Electrique,Open Night Train Database (Back-on-Track)
Trenitalia,IC Notte 794,Train de nuit,Nuit,Reggio Calabria Centrale,Torino Lingotto,21:43,14:32,1358.0,16.82,18.92,7,Electrique,Open Night Train Database (Back-on-Track)
Trenitalia,IC Notte 795,Train de nuit,Nuit,Torino Lingotto,Reggio Calabria Centrale,15:29,08:45,1358.0,17.27,18.92,7,Electrique,Open Night Train Database (Back-on-Track)
Trenitalia,IC Notte 796,Train de nuit,Nuit,Salerno,Torino Lingotto,20:52,10:32,962.0,13.67,18.61,7,Electrique,Open Night Train Database (Back-on-Track)
Trenitalia,IC Notte 1515,Train de nuit,Nuit,Torino Lingotto,Salerno,20:23,09:11,962.0,12.8,18.61,7,Electrique,Open Night Train Database (Back-on-Track)
Trenitalia,IC Notte 797,Train de nuit,Nuit,Torino Porta Susa,Salerno,20:40,09:46,1009.0,13.1,20.12,7,Electrique,Open Night Train Database (Back-on-Track)
Trenitalia,IC Notte 798,Train de nuit,Nuit,Salerno,Torino Porta Susa,20:38,09:05,1009.0,12.45,20.12,7,Electrique,Open Night Train Database (Back-on-Track)
Great Anglia,F5 725,Train de nuit,Nuit,Oslo S,Stavanger,22:25,07:20,588.0,8.92,0.31,7,Electrique,Open Night Train Database (Back-on-Track)
Great Anglia,F5 726,Train de nuit,Nuit,Stavanger,Oslo S,22:15,07:26,588.0,9.18,0.31,7,Electrique,Open Night Train Database (Back-on-Track)
Great Western Railway,Sleeper (Penzance),Train de nuit,Nuit,London Paddington,Penzance,23:45,07:50,489.0,8.08,20.45,7,Electrique,Open Night Train Database (Back-on-Track)
Great Western Railway,Sleeper (London),Train de nuit,Nuit,Penzance,London Paddington,21:45,05:08,489.0,7.38,20.45,7,Electrique,Open Night Train Database (Back-on-Track)
HŽ Putnički prijevoz,1820,Train de nuit,Nuit,Split,Zagreb Gl. K.,21:11,05:49,424.0,8.63,27.36,7,Electrique,Open Night Train Database (Back-on-Track)
HŽ Putnički prijevoz,1821,Train de nuit,Nuit,Zagreb Gl. K.,Split,22:30,07:01,424.0,8.52,27.36,7,Electrique,Open Night Train Database (Back-on-Track)
HŽ Putnički prijevoz,1840,Train de nuit,Nuit,Vukovar,Split,16:57,06:51,700.0,13.9,9.29,7,Electrique,Open Night Train Database (Back-on-Track)
HŽ Putnički prijevoz,1841,Train de nuit,Nuit,Split,Vukovar,21:11,11:11,700.0,14.0,9.29,7,Electrique,Open Night Train Database (Back-on-Track)
HŽ Putnički prijevoz,1880,Train de nuit,Nuit,Osijek,Split,19:48,09:21,677.0,13.55,9.6,7,Electrique,Open Night Train Database (Back-on-Track)
HŽ Putnički prijevoz,1881,Train de nuit,Nuit,Split,Osijek,22:23,12:04,677.0,13.68,9.6,7,Electrique,Open Night Train Database (Back-on-Track)
HŽPP/ÖBB,EN 414,Train de nuit,Nuit,Zagreb Gl. K.,Stuttgart Hbf,19:38,08:38,807.0,13.0,13.75,7,Electrique,Open Night Train Database (Back-on-Track)
HŽPP/ÖBB,EN 40237,Train de nuit,Nuit,Stuttgart Hbf,Zagreb Gl. K.,20:29,10:39,807.0,14.17,13.75,7,Electrique,Open Night Train Database (Back-on-Track)
HŽPP/ÖBB,EN 40414,Train de nuit,Nuit,Zagreb Gl. K.,Zürich HB,19:38,09:20,903.0,13.7,5.87,7,Electrique,Open Night Train Database (Back-on-Track)
HŽPP/ÖBB,EN 40465,Train de nuit,Nuit,Zürich HB,Zagreb Gl. K.,19:40,10:39,903.0,14.98,5.87,7,Electrique,Open Night Train Database (Back-on-Track)
MÁV-Start,EN 40457,Train de nuit,Nuit,Berlin Hbf,Budapest Nyugati,19:21,08:29,995.0,13.13,17.09,7,Electrique,Open Night Train Database (Back-on-Track)
MÁV-Start,EN 40476,Train de nuit,Nuit,Budapest Nyugati,Berlin Hbf,19:30,08:15,995.0,12.75,17.09,7,Electrique,Open Night Train Database (Back-on-Track)
MÁV-Start,1246 / 1605,Train de nuit,Nuit,Budapest Déli,Koper,20:30,08:34,703.0,12.07,,7,Electrique,Open Night Train Database (Back-on-Track)
MÁV-Start,1604 / 1247,Train de nuit,Nuit,Koper,Budapest Déli,20:15,08:29,703.0,12.23,,7,Electrique,Open Night Train Database (Back-on-Track)
MÁV-Start,1246 / 1605 / 481,Train de nuit,Nuit,Budapest Déli,Rijeka,20:30,09:25,703.0,12.92,,7,Electrique,Open Night Train Database (Back-on-Track)
MÁV-Start,480 / 1604 / 1247,Train de nuit,Nuit,Rijeka,Budapest Déli,20:50,08:29,703.0,11.65,,7,Electrique,Open Night Train Database (Back-on-Track)
MÁV-Start,IC 1204,Train de nuit,Nuit,Budapest Keleti,Split,18:53,08:56,784.0,14.05,,7,Electrique,Open Night Train Database (Back-on-Track)
MÁV-Start,IC 1205,Train de nuit,Nuit,Split,Budapest Keleti,18:28,09:12,784.0,14.73,,7,Electrique,Open Night Train Database (Back-on-Track)
MÁV/ÖBB,EN 40462,Train de nuit,Nuit,Budapest Keleti,Zürich HB,20:40,08:20,1083.0,11.67,,7,Electrique,Open Night Train Database (Back-on-Track)
MÁV/ÖBB,EN 40467,Train de nuit,Nuit,Zürich HB,Budapest Keleti,20:40,09:19,1083.0,12.65,,7,Electrique,Open Night Train Database (Back-on-Track)
MÁV/ÖBB,EN 50237,Train de nuit,Nuit,Budapest Keleti,Stuttgart Hbf,20:40,08:38,966.0,11.97,,7,Electrique,Open Night Train Database (Back-on-Track)
MÁV/ÖBB,EN 50462,Train de nuit,Nuit,Stuttgart Hbf,Budapest Keleti,20:29,09:19,966.0,12.83,,7,Electrique,Open Night Train Database (Back-on-Track)
MÁV/PKP,IC 407 / EN 477,Train de nuit,Nuit,Warszawa Wschodnia,Budapest Nyugati,19:37,08:29,902.0,12.87,,7,Electrique,Open Night Train Database (Back-on-Track)
MÁV/PKP,EN 476,Train de nuit,Nuit,Budapest Nyugati,Warszawa Centralna,19:29,08:51,902.0,13.37,,7,Electrique,Open Night Train Database (Back-on-Track)
ÖBB Nightjet,NJ 236,Train de nuit,Nuit,Venezia Santa Lucia,Stuttgart Hbf,21:05,09:26,852.0,12.35,,7,Electrique,Open Night Train Database (Back-on-Track)
ÖBB Nightjet,NJ 237,Train de nuit,Nuit,Stuttgart Hbf,Venezia Santa Lucia,20:01,08:34,852.0,12.55,,7,Electrique,Open Night Train Database (Back-on-Track)
ÖBB Nightjet,NJ 294,Train de nuit,Nuit,Roma Tiburtina,München Hbf,18:10,09:22,1092.0,15.2,,7,Electrique,Open Night Train Database (Back-on-Track)
ÖBB Nightjet,NJ 295,Train de nuit,Nuit,München Hbf,Roma Termini,20:10,09:10,1092.0,13.0,,7,Electrique,Open Night Train Database (Back-on-Track)
ÖBB Nightjet,NJ 402,Train de nuit,Nuit,Zürich HB,Amsterdam Centraal,21:34,09:44,845.0,12.17,21.3,7,Electrique,Open Night Train Database (Back-on-Track)
ÖBB Nightjet,NJ 403,Train de nuit,Nuit,Amsterdam Centraal,Zürich HB,20:15,08:05,845.0,11.83,21.3,7,Electrique,Open Night Train Database (Back-on-Track)
ÖBB Nightjet,NJ 40233,Train de nuit,Nuit,Wien Hbf,Roma Tiburtina,19:18,10:05,1112.0,14.78,14.39,7,Electrique,Open Night Train Database (Back-on-Track)
ÖBB Nightjet,NJ 40294,Train de nuit,Nuit,Roma Tiburtina,Wien Hbf,18:10,08:52,1112.0,14.7,14.39,7,Electrique,Open Night Train Database (Back-on-Track)
ÖBB Nightjet,NJ 40236,Train de nuit,Nuit,Venezia Santa Lucia,Wien Hbf,21:05,08:17,619.0,11.2,,7,Electrique,Open Night Train Database (Back-on-Track)
ÖBB Nightjet,NJ 40466,Train de nuit,Nuit,Wien Hbf,Venezia Santa Lucia,21:39,08:34,619.0,10.92,,7,Electrique,Open Night Train Database (Back-on-Track)
ÖBB Nightjet,NJ 40420,Train de nuit,Nuit,Innsbruck Hbf,Hamburg Altona,20:46,09:06,1112.0,12.33,14.39,7,Electrique,Open Night Train Database (Back-on-Track)
ÖBB Nightjet,NJ 40491,Train de nuit,Nuit,Hamburg Altona,Innsbruck Hbf,19:56,09:14,1112.0,13.3,14.39,7,Electrique,Open Night Train Database (Back-on-Track)
ÖBB Nightjet,NJ 40421,Train de nuit,Nuit,Amsterdam Centraal,Wien Hbf,18:28,09:17,,14.82,,7,Electrique,Open Night Train Database (Back-on-Track)
ÖBB Nightjet,NJ 40490,Train de nuit,Nuit,Wien Hbf,Amsterdam Centraal,20:10,09:58,,13.8,,7,Electrique,Open Night Train Database (Back-on-Track)
ÖBB Nightjet,NJ 40424,Train de nuit,Nuit,Berlin Ostbahnhof,Paris Est,18:55,09:38,1168.0,14.72,10.96,7,Electrique,Open Night Train Database (Back-on-Track)
ÖBB Nightjet,NJ 40469,Train de nuit,Nuit,Paris Est,Berlin Hbf,19:12,08:26,1168.0,13.23,10.96,7,Electrique,Open Night Train Database (Back-on-Track)
ÖBB Nightjet,NJ 408,Train de nuit,Nuit,Berlin Hbf,Zürich HB,21:03,09:04,,12.02,,7,Electrique,Open Night Train Database (Back-on-Track)
ÖBB Nightjet,NJ 409,Train de nuit,Nuit,Zürich HB,Berlin Hbf,19:59,07:20,,11.35,,7,Electrique,Open Night Train Database (Back-on-Track)
ÖBB Nightjet,NJ 420,Train de nuit,Nuit,Innsbruck Hbf,Amsterdam Centraal,20:46,09:58,,13.2,,7,Electrique,Open Night Train Database (Back-on-Track)
ÖBB Nightjet,NJ 421,Train de nuit,Nuit,Amsterdam Centraal,Innsbruck Hbf,18:28,09:14,,14.77,,7,Electrique,Open Night Train Database (Back-on-Track)
ÖBB Nightjet,NJ 40425,Train de nuit,Nuit,Bruxelles Midi / Brussel Zuid,Wien Hbf,19:06,10:13,,15.12,,7,Electrique,Open Night Train Database (Back-on-Track)
ÖBB Nightjet,NJ 40468,Train de nuit,Nuit,Wien Hbf,Bruxelles Midi / Brussel Zuid,18:08,09:56,,15.8,,7,Electrique,Open Night Train Database (Back-on-Track)
ÖBB Nightjet,NJ 446,Train de nuit,Nuit,Wien Hbf,Bregenz,22:55,08:29,,9.57,,7,Electrique,Open Night Train Database (Back-on-Track)
ÖBB Nightjet,NJ 447,Train de nuit,Nuit,Bregenz,Wien Hbf (Autoreisezuganlage),21:40,07:04,,9.4,,7,Electrique,Open Night Train Database (Back-on-Track)
ÖBB Nightjet,NJ 456,Train de nuit,Nuit,Graz Hbf,Berlin Hbf,19:20,08:14,,12.9,,7,Electrique,Open Night Train Database (Back-on-Track)
ÖBB Nightjet,NJ 457,Train de nuit,Nuit,Berlin Hbf,Graz Hbf,19:20,09:59,,14.65,,7,Electrique,Open Night Train Database (Back-on-Track)
ÖBB Nightjet,NJ 464,Train de nuit,Nuit,Graz Hbf,Zürich HB,22:25,09:20,,10.92,,7,Electrique,Open Night Train Database (Back-on-Track)
ÖBB Nightjet,NJ 465,Train de nuit,Nuit,Zürich HB,Graz Hbf,20:40,06:58,,10.3,,7,Electrique,Open Night Train Database (Back-on-Track)
ÖBB Nightjet,NJ 470,Train de nuit,Nuit,Zürich HB,Hamburg Altona,20:59,08:09,1011.0,11.17,17.8,7,Electrique,Open Night Train Database (Back-on-Track)
ÖBB Nightjet,NJ 471,Train de nuit,Nuit,Hamburg Altona,Zürich HB,21:52,10:05,1011.0,12.22,17.8,7,Electrique,Open Night Train Database (Back-on-Track)
ÖBB Nightjet,NJ 490,Train de nuit,Nuit,Wien Hbf,Hamburg Altona,20:10,09:06,,12.93,,7,Electrique,Open Night Train Database (Back-on-Track)
ÖBB Nightjet,NJ 491,Train de nuit,Nuit,Hamburg Altona,Wien Hbf,19:56,09:17,,13.35,,7,Electrique,Open Night Train Database (Back-on-Track)
OTE,141,Train de nuit,Nuit,Villach Hbf,Edirne,21:59,11:34,,37.58,,7,Electrique,Open Night Train Database (Back-on-Track)
OTE,154,Train de nuit,Nuit,Edirne,Villach Hbf,17:45,08:19,,38.57,,7,Electrique,Open Night Train Database (Back-on-Track)
PKP Intercity,IC 440,Train de nuit,Nuit,Chelm,Świnoujście,18:29,06:38,,12.15,,7,Electrique,Open Night Train Database (Back-on-Track)
PKP Intercity,IC 82170,Train de nuit,Nuit,Świnoujście,Chelm,21:26,09:27,,12.02,,7,Electrique,Open Night Train Database (Back-on-Track)
PKP Intercity,EN 430 / IC 440,Train de nuit,Nuit,Przemyśl Gł.,Świnoujście,18:49,06:38,,11.82,,7,Electrique,Open Night Train Database (Back-on-Track)
PKP Intercity,IC 82170 / EC 431,Train de nuit,Nuit,Świnoujście,Przemyśl Gł.,21:26,09:11,,11.75,,7,Electrique,Open Night Train Database (Back-on-Track)
PKP Intercity,IC 38172,Train de nuit,Nuit,Zakopane,Świnoujście,19:54,09:30,760.0,13.6,34.34,7,Electrique,Open Night Train Database (Back-on-Track)
PKP Intercity,IC 83172,Train de nuit,Nuit,Świnoujście,Zakopane,18:54,08:25,760.0,13.52,34.34,7,Electrique,Open Night Train Database (Back-on-Track)
PKP Intercity,TLK 35190,Train de nuit,Nuit,Kraków Gł.,Łeba,20:14,08:13,703.0,11.98,34.57,7,Electrique,Open Night Train Database (Back-on-Track)
PKP Intercity,TLK 53190,Train de nuit,Nuit,Łeba,Kraków Gł.,21:00,08:48,703.0,11.8,34.57,7,Electrique,Open Night Train Database (Back-on-Track)
PKP/ČD,EN 443 / IC 406,Train de nuit,Nuit,Praha hl.n.,Warszawa Wschodnia,22:16,08:23,,10.12,,7,Electrique,Open Night Train Database (Back-on-Track)
PKP/ČD,IC 407 / EN 442,Train de nuit,Nuit,Warszawa Wschodnia,Praha hl.n.,19:05,07:26,,12.35,,7,Electrique,Open Night Train Database (Back-on-Track)
PKP Intercity,TLK 48190,Train de nuit,Nuit,Bielsko-Biała Główna,Kołobrzeg,21:25,07:08,,9.72,,7,Electrique,Open Night Train Database (Back-on-Track)
PKP Intercity,TLK 84190,Train de nuit,Nuit,Kołobrzeg,Bielsko-Biała Główna,21:01,06:48,,9.78,,7,Electrique,Open Night Train Database (Back-on-Track)
PKP Intercity,IC 16170,Train de nuit,Nuit,Warszawa Wschodnia,Szklarska Poręba Górna,23:36,07:34,638.0,7.97,35.27,7,Electrique,Open Night Train Database (Back-on-Track)
PKP Intercity,IC 61170,Train de nuit,Nuit,Szklarska Poręba Górna,Warszawa Wschodnia,20:18,06:23,638.0,10.08,35.27,7,Electrique,Open Night Train Database (Back-on-Track)
PKP Intercity,TLK 35170,Train de nuit,Nuit,Zakopane,Gdynia Gł.,21:53,08:40,,10.78,,7,Electrique,Open Night Train Database (Back-on-Track)
PKP Intercity,TLK 53170,Train de nuit,Nuit,Gdynia Gł.,Zakopane,19:22,06:02,,10.67,,7,Electrique,Open Night Train Database (Back-on-Track)
PKP Intercity,TLK 35190/50191,Train de nuit,Nuit,Kraków Gł.,Hel,20:14,08:02,,11.8,,7,Electrique,Open Night Train Database (Back-on-Track)
PKP Intercity,TLK 55190/53190,Train de nuit,Nuit,Hel,Kraków Gł.,21:12,08:51,,11.65,,7,Electrique,Open Night Train Database (Back-on-Track)
PKP Intercity,TLK 38170,Train de nuit,Nuit,Kraków Gł.,Kołobrzeg,21:33,10:56,,13.38,,7,Electrique,Open Night Train Database (Back-on-Track)
PKP Intercity,TLK 83170,Train de nuit,Nuit,Kołobrzeg,Kraków Gł.,19:05,07:49,,12.73,,7,Electrique,Open Night Train Database (Back-on-Track)
PKP Intercity,TLK 48190/38194,Train de nuit,Nuit,Bielsko-Biała Gł.,Świnoujście,21:25,07:27,680.0,10.03,38.82,7,Electrique,Open Night Train Database (Back-on-Track)
PKP Intercity,TLK 83194/84190,Train de nuit,Nuit,Świnoujście,Bielsko-Biała Gł.,20:25,06:48,680.0,10.38,38.82,7,Electrique,Open Night Train Database (Back-on-Track)
PKP/ČD,EN 40416,Train de nuit,Nuit,München Hbf,Przemyśl Gł.,18:35,10:10,1185.0,15.58,20.84,7,Electrique,Open Night Train Database (Back-on-Track)
PKP/ČD,EN 40417,Train de nuit,Nuit,Przemyśl Gł.,München Hbf,17:51,10:24,1185.0,16.55,20.84,7,Electrique,Open Night Train Database (Back-on-Track)
PKP/ČD,EC 460,Train de nuit,Nuit,Praha hl.n.,Gdynia Gł.,18:49,05:58,856.0,11.15,31.66,7,Electrique,Open Night Train Database (Back-on-Track)
PKP/ČD,EC 461,Train de nuit,Nuit,Gdynia Gł.,Praha hl.n.,21:59,09:14,856.0,11.25,31.66,7,Electrique,Open Night Train Database (Back-on-Track)
PKP/ČD,EN 406,Train de nuit,Nuit,München Hbf,Warszawa Wschodnia,18:35,08:15,1139.0,13.67,21.07,7,Electrique,Open Night Train Database (Back-on-Track)
PKP/ČD,EN 407,Train de nuit,Nuit,Warszawa Wschodnia,München Hbf,19:41,10:24,1139.0,14.72,21.07,7,Electrique,Open Night Train Database (Back-on-Track)
PKP/ČD,TLK 403/50171,Train de nuit,Nuit,Bohumín,Hel,19:27,07:09,,11.7,,7,Electrique,Open Night Train Database (Back-on-Track)
PKP/ČD,TLK 55170/402,Train de nuit,Nuit,Hel,Bohumín,19:23,06:54,,11.52,,7,Electrique,Open Night Train Database (Back-on-Track)
PKP/ČD,TLK 403,Train de nuit,Nuit,Bohumín,Łeba,19:27,07:13,,,,7,Electrique,Open Night Train Database (Back-on-Track)
PKP/ČD,TLK 402,Train de nuit,Nuit,Łeba,Bohumín,19:11,06:54,,,,7,Electrique,Open Night Train Database (Back-on-Track)
RJ,1020,Train de nuit,Nuit,Chop,Praha hl.n.,17:35,05:46,672.0,12.18,17.56,7,Electrique,Open Night Train Database (Back-on-Track)
RJ,1021,Train de nuit,Nuit,Praha hl.n.,Chop,21:52,10:34,672.0,12.7,17.56,7,Electrique,Open Night Train Database (Back-on-Track)
RJ,1038,Train de nuit,Nuit,Przemyśl Gł.,Praha hl.n.,22:12,08:56,740.0,10.73,27.84,7,Electrique,Open Night Train Database (Back-on-Track)
RJ,1039,Train de nuit,Nuit,Praha hl.n.,Przemyśl Gł.,20:56,07:33,740.0,10.62,27.84,7,Electrique,Open Night Train Database (Back-on-Track)
SJ Sweden,1,Train de nuit,Nuit,Stockholm C,Malmö C,23:10,06:59,614.0,7.82,1.09,7,Electrique,Open Night Train Database (Back-on-Track)
SJ Sweden,2,Train de nuit,Nuit,Malmö C,Stockholm C,22:30,05:50,614.0,7.33,1.09,7,Electrique,Open Night Train Database (Back-on-Track)
SJ Sweden,EN 345,Train de nuit,Nuit,Stockholm C,Berlin Hbf,17:34,09:24,1439.0,15.83,11.19,7,Electrique,Open Night Train Database (Back-on-Track)
SJ Sweden,EN 346,Train de nuit,Nuit,Berlin Hbf,Stockholm C,18:34,09:55,1439.0,15.35,11.19,7,Electrique,Open Night Train Database (Back-on-Track)
SJ Sweden,70 (D),Train de nuit,Nuit,Stockholm C,Duved,22:39,09:17,652.0,10.63,1.15,7,Electrique,Open Night Train Database (Back-on-Track)
SJ Sweden,71 (S),Train de nuit,Nuit,Duved,Stockholm C,19:01,05:04,652.0,10.05,1.15,7,Electrique,Open Night Train Database (Back-on-Track)
SJ Sweden,70 (U),Train de nuit,Nuit,Stockholm C,Umeå C,22:39,08:16,704.0,9.62,1.01,7,Electrique,Open Night Train Database (Back-on-Track)
SJ Sweden,77 (S),Train de nuit,Nuit,Umeå C,Stockholm C,19:41,05:04,704.0,9.38,1.01,7,Electrique,Open Night Train Database (Back-on-Track)
SJ Sweden,Nattåg 91,Train de nuit,Nuit,Luleå C,Stockholm C,17:00,06:35,1052.0,13.58,1.05,7,Electrique,Open Night Train Database (Back-on-Track)
SJ Sweden,Nattåg 92,Train de nuit,Nuit,Stockholm C,Luleå C,21:55,11:53,1052.0,13.97,1.05,7,Electrique,Open Night Train Database (Back-on-Track)
SJ Sweden,Nattåg 93 (L),Train de nuit,Nuit,Luleå C,Stockholm C,21:10,10:09,1052.0,12.98,1.05,7,Electrique,Open Night Train Database (Back-on-Track)
SJ Sweden,Nattåg 94 (L),Train de nuit,Nuit,Stockholm C,Luleå C,18:08,06:44,1052.0,12.6,1.05,7,Electrique,Open Night Train Database (Back-on-Track)
SJ Sweden,Nattåg 93 (N),Train de nuit,Nuit,Narvik,Stockholm C,15:11,10:09,1456.0,18.97,0.96,7,Electrique,Open Night Train Database (Back-on-Track)
SJ Sweden,Nattåg 94 (N),Train de nuit,Nuit,Stockholm C,Narvik,18:08,12:40,1456.0,18.53,0.96,7,Electrique,Open Night Train Database (Back-on-Track)
SJN,405,Train de nuit,Nuit,Oslo S,Trondheim,22:50,06:24,556.0,7.57,0.32,7,Electrique,Open Night Train Database (Back-on-Track)
SJN,406,Train de nuit,Nuit,Trondheim,Oslo S,23:17,06:50,556.0,7.55,0.32,7,Electrique,Open Night Train Database (Back-on-Track)
SJN,475,Train de nuit,Nuit,Trondheim,Bodø,23:05,09:05,725.0,10.0,0.32,7,Electrique,Open Night Train Database (Back-on-Track)
SJN,476,Train de nuit,Nuit,Bodø,Trondheim,21:09,07:15,725.0,10.1,0.32,7,Electrique,Open Night Train Database (Back-on-Track)
SNCF,IC Nuit 3750,Train de nuit,Nuit,Toulouse Matabiau,Paris Austerlitz,19:44,07:03,714.0,11.32,3.08,7,Electrique,Open Night Train Database (Back-on-Track)
SNCF,IC Nuit 3751,Train de nuit,Nuit,Paris Austerlitz,Toulouse Matabiau,22:13,07:44,714.0,9.52,3.08,7,Electrique,Open Night Train Database (Back-on-Track)
SNCF,IC Nuit 3731,Train de nuit,Nuit,Tarbes,Paris Austerlitz,19:00,07:32,841.0,12.53,3.45,7,Electrique,Open Night Train Database (Back-on-Track)
SNCF,IC Nuit 3740,Train de nuit,Nuit,Paris Austerlitz,Tarbes,21:41,09:37,841.0,11.93,3.45,7,Electrique,Open Night Train Database (Back-on-Track)
SNCF,IC Nuit 3754,Train de nuit,Nuit,Rodez,Paris Austerlitz,22:19,08:32,712.0,10.22,2.81,7,Electrique,Open Night Train Database (Back-on-Track)
SNCF,IC Nuit 3755,Train de nuit,Nuit,Paris Austerlitz,Rodez,19:27,07:08,712.0,11.68,2.81,7,Electrique,Open Night Train Database (Back-on-Track)
SNCF,IC Nuit 3754 (Sun),Train de nuit,Nuit,Albi Ville,Paris Austerlitz,20:50,08:32,792.0,11.7,2.78,7,Electrique,Open Night Train Database (Back-on-Track)
SNCF,IC Nuit 3755 (Sun),Train de nuit,Nuit,Paris Austerlitz,Albi Ville,19:27,09:02,792.0,13.58,2.78,7,Electrique,Open Night Train Database (Back-on-Track)
SNCF,IC Nuit 3789,Train de nuit,Nuit,Paris Austerlitz,Aurillac,19:27,07:35,602.0,12.13,6.48,7,Electrique,Open Night Train Database (Back-on-Track)
SNCF,IC Nuit 3790,Train de nuit,Nuit,Aurillac,Paris Austerlitz,22:41,09:32,602.0,10.85,6.48,7,Electrique,Open Night Train Database (Back-on-Track)
SNCF,IC Nuit 3970,Train de nuit,Nuit,Latour-de-Carol / La Tor de Querol,Paris Austerlitz,18:48,07:03,875.0,12.25,2.97,7,Electrique,Open Night Train Database (Back-on-Track)
SNCF,IC Nuit 3971,Train de nuit,Nuit,Paris Austerlitz,Latour-de-Carol / La Tor de Querol,21:40,10:07,875.0,12.45,2.97,7,Electrique,Open Night Train Database (Back-on-Track)
SNCF,IC Nuit 5737,Train de nuit,Nuit,Paris Austerlitz,Cerbère,20:10,09:16,952.0,13.1,2.84,7,Electrique,Open Night Train Database (Back-on-Track)
SNCF,IC Nuit 5738,Train de nuit,Nuit,Cerbère,Paris Austerlitz,18:53,08:50,952.0,13.95,2.84,7,Electrique,Open Night Train Database (Back-on-Track)
SNCF,IC Nuit 5781,Train de nuit,Nuit,Paris Austerlitz,Nice Ville,20:51,09:25,989.0,12.57,3.13,7,Electrique,Open Night Train Database (Back-on-Track)
SNCF,IC Nuit 5772,Train de nuit,Nuit,Nice Ville,Paris Austerlitz,17:55,08:08,989.0,14.22,3.13,7,Electrique,Open Night Train Database (Back-on-Track)
SNCF,IC Nuit 5787,Train de nuit,Nuit,Paris Austerlitz,Briançon,20:51,08:21,796.0,11.5,3.02,7,Electrique,Open Night Train Database (Back-on-Track)
SNCF,IC Nuit 5792,Train de nuit,Nuit,Briançon,Paris Austerlitz,19:58,08:08,796.0,12.17,3.02,7,Electrique,Open Night Train Database (Back-on-Track)
ST,300,Train de nuit,Nuit,Stockholm C,Berlin Hbf,16:20,07:46,1481.0,15.43,10.87,7,Electrique,Open Night Train Database (Back-on-Track)
ST,301,Train de nuit,Nuit,Berlin Hbf,Stockholm C,21:10,13:20,1481.0,16.17,10.87,7,Electrique,Open Night Train Database (Back-on-Track)
ST,304,Train de nuit,Nuit,Innsbruck Hbf,Malmö C,18:00,16:21,1847.0,22.35,16.46,7,Electrique,Open Night Train Database (Back-on-Track)
ST,305,Train de nuit,Nuit,Malmö C,Innsbruck Hbf,14:40,13:00,1847.0,22.33,16.46,7,Electrique,Open Night Train Database (Back-on-Track)
ST,3920,Train de nuit,Nuit,Malmö C,Storlien,16:35,08:55,1314.0,16.33,1.14,7,Electrique,Open Night Train Database (Back-on-Track)
ST,3921,Train de nuit,Nuit,Storlien,Malmö C,15:25,07:15,1314.0,15.83,1.14,7,Electrique,Open Night Train Database (Back-on-Track)
ST,3904,Train de nuit,Nuit,Malmö C,Duved,17:15,08:20,1265.0,15.08,1.11,7,Electrique,Open Night Train Database (Back-on-Track)
ST,3905,Train de nuit,Nuit,Duved,Malmö C,18:30,08:55,1265.0,14.42,1.11,7,Electrique,Open Night Train Database (Back-on-Track)
TCDD/BDŽ,12503/492,Train de nuit,Nuit,İstanbul Halkalı,Sofia,20:00,11:48,591.0,15.8,23.52,7,Electrique,Open Night Train Database (Back-on-Track)
TCDD/BDŽ,493/12504,Train de nuit,Nuit,Sofia,İstanbul Halkalı,18:50,09:56,591.0,15.1,23.52,7,Electrique,Open Night Train Database (Back-on-Track)
TCDD/BDŽ/CFR,12503/460,Train de nuit,Nuit,İstanbul Halkalı,București Nord,20:00,17:08,799.0,21.13,22.15,7,Electrique,Open Night Train Database (Back-on-Track)
TCDD/BDŽ/CFR,461/12504,Train de nuit,Nuit,București Nord,İstanbul Halkalı,10:50,06:34,799.0,19.73,22.15,7,Electrique,Open Night Train Database (Back-on-Track)
TCDD,22001,Train de nuit,Nuit,Ankara,İstanbul Halkalı,22:00,07:27,567.0,9.45,21.16,7,Electrique,Open Night Train Database (Back-on-Track)
TCDD,12002,Train de nuit,Nuit,İstanbul Halkalı,Ankara,22:00,06:37,567.0,8.62,21.16,7,Electrique,Open Night Train Database (Back-on-Track)
TCDD,22006,Train de nuit,Nuit,Ankara,İzmir Basmane,20:00,10:01,811.0,14.02,22.19,7,Electrique,Open Night Train Database (Back-on-Track)
TCDD,32005,Train de nuit,Nuit,İzmir Basmane,Ankara,19:05,09:07,811.0,14.03,22.19,7,Electrique,Open Night Train Database (Back-on-Track)
TCDD,22010,Train de nuit,Nuit,Ankara,Kars,18:00,20:26,1339.0,26.43,22.78,7,Electrique,Open Night Train Database (Back-on-Track)
TCDD,42009,Train de nuit,Nuit,Kars,Ankara,08:00,10:27,1339.0,26.45,22.78,7,Electrique,Open Night Train Database (Back-on-Track)
TCDD,22012,Train de nuit,Nuit,Ankara,Tatvan,11:20,13:57,1261.0,26.62,22.76,7,Electrique,Open Night Train Database (Back-on-Track)
TCDD,52011,Train de nuit,Nuit,Tatvan,Ankara,10:25,12:45,1261.0,26.33,22.76,7,Electrique,Open Night Train Database (Back-on-Track)
TCDD,22014,Train de nuit,Nuit,Ankara,Kurtalan,11:20,14:10,1263.0,26.83,22.8,7,Electrique,Open Night Train Database (Back-on-Track)
TCDD,52013,Train de nuit,Nuit,Kurtalan,Ankara,09:20,12:45,1263.0,27.42,22.8,7,Electrique,Open Night Train Database (Back-on-Track)
TCDD,22018,Train de nuit,Nuit,Ankara,Malatya,19:10,11:09,851.0,15.98,22.8,7,Electrique,Open Night Train Database (Back-on-Track)
TCDD,52019,Train de nuit,Nuit,Malatya,Ankara,15:30,07:24,851.0,15.9,22.8,7,Electrique,Open Night Train Database (Back-on-Track)
TCDD,32007,Train de nuit,Nuit,İzmir Basmane,Konya,20:05,09:11,669.0,13.1,24.22,7,Electrique,Open Night Train Database (Back-on-Track)
TCDD,72008,Train de nuit,Nuit,Konya,İzmir Basmane,19:00,08:05,669.0,13.08,24.22,7,Electrique,Open Night Train Database (Back-on-Track)
UEX,320/324,Train de nuit,Nuit,Villach Hbf,Hamburg Altona,19:06,09:37,,14.52,,7,Electrique,Open Night Train Database (Back-on-Track)
UEX,321/325,Train de nuit,Nuit,Hamburg Altona,Villach Hbf,19:00,08:38,,13.63,,7,Electrique,Open Night Train Database (Back-on-Track)
UEX,302/322,Train de nuit,Nuit,Innsbruck Hbf,Hamburg Altona,21:00,08:26,,11.43,,7,Electrique,Open Night Train Database (Back-on-Track)
UEX,303/323,Train de nuit,Nuit,Hamburg Altona,Innsbruck Hbf,20:14,08:23,,12.15,,7,Electrique,Open Night Train Database (Back-on-Track)
UEX,1856,Train de nuit,Nuit,München Ost,Hamburg Altona,21:49,07:36,,9.78,,7,Electrique,Open Night Train Database (Back-on-Track)
UEX,1857,Train de nuit,Nuit,Hamburg Altona,München Ost,21:32,07:20,,9.8,,7,Electrique,Open Night Train Database (Back-on-Track)
UEX,1858,Train de nuit,Nuit,Lörrach Hbf,Hamburg Altona,20:36,07:35,847.0,10.98,,7,Electrique,Open Night Train Database (Back-on-Track)
UEX,1859,Train de nuit,Nuit,Hamburg Altona,Lörrach Hbf,21:32,08:05,847.0,10.55,,7,Electrique,Open Night Train Database (Back-on-Track)
UEX,332/1372,Train de nuit,Nuit,Innsbruck Hbf,Düsseldorf Hbf,21:00,07:45,,10.75,,7,Electrique,Open Night Train Database (Back-on-Track)
UEX,333/1373,Train de nuit,Nuit,Düsseldorf Hbf,Innsbruck Hbf,20:43,08:23,,11.67,,7,Electrique,Open Night Train Database (Back-on-Track)
UEX,334/1374,Train de nuit,Nuit,Villach Hbf,Düsseldorf Hbf,19:06,08:39,,13.55,,7,Electrique,Open Night Train Database (Back-on-Track)
UEX,335/1375,Train de nuit,Nuit,Düsseldorf Hbf,Villach Hbf,19:53,08:38,,12.75,,7,Electrique,Open Night Train Database (Back-on-Track)
Ukrzaliznytsia,001 D,Train de nuit,Nuit,Kharkiv,Ivano-Frankivsk,18:34,11:27,1197.0,16.88,19.13,7,Electrique,Open Night Train Database (Back-on-Track)
Ukrzaliznytsia,001 L,Train de nuit,Nuit,Ivano-Frankivsk,Kharkiv,17:29,22:45,1197.0,29.27,19.13,7,Electrique,Open Night Train Database (Back-on-Track)
Ukrzaliznytsia,003,Train de nuit,Nuit,Uzhhorod,Dnipro Holovny,16:40,13:00,1484.0,20.33,17.12,7,Electrique,Open Night Train Database (Back-on-Track)
Ukrzaliznytsia,004,Train de nuit,Nuit,Dnipro Holovny,Uzhhorod,20:00,14:54,1484.0,18.9,17.12,7,Electrique,Open Night Train Database (Back-on-Track)
Ukrzaliznytsia,006 L,Train de nuit,Nuit,Yasinia,Zaporizhzhia 1,13:05,10:40,1465.0,21.58,17.27,7,Electrique,Open Night Train Database (Back-on-Track)
Ukrzaliznytsia,006 P,Train de nuit,Nuit,Zaporizhzhia 1,Yasinia,13:50,12:11,1465.0,22.35,17.27,7,Electrique,Open Night Train Database (Back-on-Track)
Ukrzaliznytsia,007 K,Train de nuit,Nuit,Kyiv Pasazhyrskyi,Chernivtsi,22:00,09:23,919.0,11.38,16.97,7,Electrique,Open Night Train Database (Back-on-Track)
Ukrzaliznytsia,008 L,Train de nuit,Nuit,Chernivtsi,Kyiv Pasazhyrskyi,19:37,08:28,919.0,12.85,16.97,7,Electrique,Open Night Train Database (Back-on-Track)
Ukrzaliznytsia,007 O/059 O,Train de nuit,Nuit,Kharkiv,Odesa Holovna,20:03,06:42,758.0,10.65,15.04,7,Electrique,Open Night Train Database (Back-on-Track)
Ukrzaliznytsia,008 Š/060 Š,Train de nuit,Nuit,Odesa Holovna,Kharkiv,22:30,09:18,758.0,10.8,15.04,7,Electrique,Open Night Train Database (Back-on-Track)
Ukrzaliznytsia,009,Train de nuit,Nuit,Kyiv Pasazhyrskyi,Budapest Keleti,09:43,06:00,1171.0,20.28,19.21,7,Electrique,Open Night Train Database (Back-on-Track)
Ukrzaliznytsia,010,Train de nuit,Nuit,Budapest Keleti,Kyiv Pasazhyrskyi,22:40,19:54,1171.0,21.23,19.21,7,Electrique,Open Night Train Database (Back-on-Track)
Ukrzaliznytsia,012 L,Train de nuit,Nuit,Lviv,Odesa Holovna,21:08,07:59,737.0,10.85,19.13,7,Electrique,Open Night Train Database (Back-on-Track)
Ukrzaliznytsia,012 Š,Train de nuit,Nuit,Odesa Holovna,Lviv,21:15,06:18,737.0,9.05,19.13,7,Electrique,Open Night Train Database (Back-on-Track)
Ukrzaliznytsia,013 K,Train de nuit,Nuit,Kyiv Pasazhyrskyi,Solotvyno,16:29,10:58,1503.0,18.48,17.03,7,Electrique,Open Night Train Database (Back-on-Track)
Ukrzaliznytsia,013 L,Train de nuit,Nuit,Solotvyno,Kyiv Pasazhyrskyi,14:56,09:24,1503.0,18.47,17.03,7,Electrique,Open Night Train Database (Back-on-Track)
Ukrzaliznytsia,015,Train de nuit,Nuit,Kharkiv,Vorokhta,14:10,09:47,1337.0,19.62,16.9,7,Electrique,Open Night Train Database (Back-on-Track)
Ukrzaliznytsia,016,Train de nuit,Nuit,Vorokhta,Kharkiv,12:43,07:15,1337.0,18.53,16.9,7,Electrique,Open Night Train Database (Back-on-Track)
Ukrzaliznytsia,017 O/045 D,Train de nuit,Nuit,Kharkiv,Uzhhorod,14:10,10:34,1400.0,20.4,17.86,7,Electrique,Open Night Train Database (Back-on-Track)
Ukrzaliznytsia,017 L/045 L,Train de nuit,Nuit,Uzhhorod,Kharkiv,13:50,09:30,1400.0,19.67,17.86,7,Electrique,Open Night Train Database (Back-on-Track)
Ukrzaliznytsia,019,Train de nuit,Nuit,Kyiv Pasazhyrskyi,Chelm,19:06,05:00,540.0,9.9,21.48,7,Electrique,Open Night Train Database (Back-on-Track)
Ukrzaliznytsia,020,Train de nuit,Nuit,Chelm,Kyiv Pasazhyrskyi,23:10,22:45,540.0,23.58,21.48,7,Electrique,Open Night Train Database (Back-on-Track)
Ukrzaliznytsia,021,Train de nuit,Nuit,Kharkiv,Lviv,19:26,11:18,1115.0,15.87,17.22,7,Electrique,Open Night Train Database (Back-on-Track)
Ukrzaliznytsia,022,Train de nuit,Nuit,Lviv,Kharkiv,15:49,07:46,1115.0,15.95,17.22,7,Electrique,Open Night Train Database (Back-on-Track)
Ukrzaliznytsia,023,Train de nuit,Nuit,Kyiv Pasazhyrskyi,Chelm,21:30,08:08,540.0,10.63,21.48,7,Electrique,Open Night Train Database (Back-on-Track)
Ukrzaliznytsia,024,Train de nuit,Nuit,Chelm,Kyiv Pasazhyrskyi,20:14,08:16,540.0,12.03,21.48,7,Electrique,Open Night Train Database (Back-on-Track)
Ukrzaliznytsia,029 K,Train de nuit,Nuit,Kyiv Pasazhyrskyi,Uzhhorod,20:20,08:27,876.0,12.12,17.58,7,Electrique,Open Night Train Database (Back-on-Track)
Ukrzaliznytsia,029 L,Train de nuit,Nuit,Uzhhorod,Kyiv Pasazhyrskyi,19:07,08:28,876.0,13.35,17.58,7,Electrique,Open Night Train Database (Back-on-Track)
Ukrzaliznytsia,032 D,Train de nuit,Nuit,Przemyśl Gł.,Zaporizhzhia 1,19:16,15:14,1305.0,19.97,16.02,7,Electrique,Open Night Train Database (Back-on-Track)
Ukrzaliznytsia,032 P,Train de nuit,Nuit,Zaporizhzhia 1,Przemyśl Gł.,13:50,20:19,1305.0,30.48,16.02,7,Electrique,Open Night Train Database (Back-on-Track)
Ukrzaliznytsia,036 Š,Train de nuit,Nuit,Odesa Holovna,Przemyśl Gł.,21:15,11:20,840.0,14.08,19.76,7,Electrique,Open Night Train Database (Back-on-Track)
Ukrzaliznytsia,036 L,Train de nuit,Nuit,Przemyśl Gł.,Odesa Holovna,16:20,07:59,840.0,15.65,19.76,7,Electrique,Open Night Train Database (Back-on-Track)
Ukrzaliznytsia,037,Train de nuit,Nuit,Uzhhorod,Odesa Holovna,20:17,13:03,1029.0,16.77,17.98,7,Electrique,Open Night Train Database (Back-on-Track)
Ukrzaliznytsia,038 O/Š,Train de nuit,Nuit,Odesa Holovna,Uzhhorod,17:04,10:56,1029.0,17.87,17.98,7,Electrique,Open Night Train Database (Back-on-Track)
Ukrzaliznytsia,038 K,Train de nuit,Nuit,Kyiv Pasazhyrskyi,Zaporizhzhia 1,22:13,07:22,658.0,9.15,16.41,7,Electrique,Open Night Train Database (Back-on-Track)
Ukrzaliznytsia,038 P,Train de nuit,Nuit,Zaporizhzhia 1,Kyiv Pasazhyrskyi,20:29,05:52,658.0,9.38,16.41,7,Electrique,Open Night Train Database (Back-on-Track)
Ukrzaliznytsia,041,Train de nuit,Nuit,Dnipro Holovny,Truskavets,16:46,12:35,1238.0,19.82,13.65,7,Electrique,Open Night Train Database (Back-on-Track)
Ukrzaliznytsia,042,Train de nuit,Nuit,Truskavets,Dnipro Holovny,13:33,09:08,1238.0,19.58,13.65,7,Electrique,Open Night Train Database (Back-on-Track)
Ukrzaliznytsia,043 L,Train de nuit,Nuit,Ivano-Frankivsk,Cherkasy,19:08,11:17,956.0,16.15,18.41,7,Electrique,Open Night Train Database (Back-on-Track)
Ukrzaliznytsia,043 Š,Train de nuit,Nuit,Cherkasy,Ivano-Frankivsk,15:17,08:10,956.0,16.88,18.41,7,Electrique,Open Night Train Database (Back-on-Track)
Ukrzaliznytsia,049,Train de nuit,Nuit,Kyiv Pasazhyrskyi,Truskavets,21:47,08:00,702.0,10.22,17.95,7,Electrique,Open Night Train Database (Back-on-Track)
Ukrzaliznytsia,050,Train de nuit,Nuit,Truskavets,Kyiv Pasazhyrskyi,20:58,06:51,702.0,9.88,17.95,7,Electrique,Open Night Train Database (Back-on-Track)
Ukrzaliznytsia,051,Train de nuit,Nuit,Kyiv Pasazhyrskyi,Przemyśl Gł.,20:05,05:00,700.0,8.92,18.43,7,Electrique,Open Night Train Database (Back-on-Track)
Ukrzaliznytsia,052 K,Train de nuit,Nuit,Przemyśl Gł.,Kyiv Pasazhyrskyi,22:30,09:18,700.0,10.8,18.43,7,Electrique,Open Night Train Database (Back-on-Track)
Ukrzaliznytsia,052 P/053,Train de nuit,Nuit,Dnipro Holovny,Odesa Holovna,21:03,08:19,754.0,11.27,12.47,7,Electrique,Open Night Train Database (Back-on-Track)
Ukrzaliznytsia,052 Š/054,Train de nuit,Nuit,Odesa Holovna,Dnipro Holovny,21:05,08:56,754.0,11.85,12.47,7,Electrique,Open Night Train Database (Back-on-Track)
Ukrzaliznytsia,055,Train de nuit,Nuit,Kyiv Pasazhyrskyi,Rakhiv,16:29,07:50,892.0,15.35,,7,Electrique,Open Night Train Database (Back-on-Track)
Ukrzaliznytsia,056,Train de nuit,Nuit,Rakhiv,Kyiv Pasazhyrskyi,17:13,09:24,892.0,16.18,,7,Electrique,Open Night Train Database (Back-on-Track)
Ukrzaliznytsia,059 K,Train de nuit,Nuit,Kyiv Pasazhyrskyi,Chop,20:28,12:48,917.0,16.33,16.58,7,Electrique,Open Night Train Database (Back-on-Track)
Ukrzaliznytsia,060 L,Train de nuit,Nuit,Chop,Kyiv Pasazhyrskyi,14:58,09:42,917.0,18.73,16.58,7,Electrique,Open Night Train Database (Back-on-Track)
Ukrzaliznytsia,063,Train de nuit,Nuit,Kharkiv,Przemyśl Gł.,22:52,16:59,1115.0,18.12,17.22,7,Electrique,Open Night Train Database (Back-on-Track)
Ukrzaliznytsia,064,Train de nuit,Nuit,Przemyśl Gł.,Kharkiv,10:41,05:56,1115.0,19.25,17.22,7,Electrique,Open Night Train Database (Back-on-Track)
Ukrzaliznytsia,065 K,Train de nuit,Nuit,Kharkiv,Uman,18:13,09:03,817.0,14.83,16.89,7,Electrique,Open Night Train Database (Back-on-Track)
Ukrzaliznytsia,065 Š,Train de nuit,Nuit,Uman,Kharkiv,17:39,09:20,817.0,15.68,16.89,7,Electrique,Open Night Train Database (Back-on-Track)
Ukrzaliznytsia,067,Train de nuit,Nuit,Kyiv Pasazhyrskyi,Warszawa Zachodnia,19:06,09:53,867.0,14.78,19.21,7,Electrique,Open Night Train Database (Back-on-Track)
Ukrzaliznytsia,068,Train de nuit,Nuit,Warszawa Zachodnia,Kyiv Pasazhyrskyi,18:15,10:45,867.0,16.5,19.21,7,Electrique,Open Night Train Database (Back-on-Track)
Ukrzaliznytsia,073,Train de nuit,Nuit,Kharkiv,Przemyśl Gł.,13:32,11:16,1212.0,21.73,17.9,7,Electrique,Open Night Train Database (Back-on-Track)
Ukrzaliznytsia,074,Train de nuit,Nuit,Przemyśl Gł.,Kharkiv,13:45,13:53,1212.0,24.13,17.9,7,Electrique,Open Night Train Database (Back-on-Track)
Ukrzaliznytsia,075,Train de nuit,Nuit,Kyiv Pasazhyrskyi,Kryvyi Rih,20:13,05:57,488.0,9.73,15.78,7,Electrique,Open Night Train Database (Back-on-Track)
Ukrzaliznytsia,076,Train de nuit,Nuit,Kryvyi Rih,Kyiv Pasazhyrskyi,20:57,06:26,488.0,9.48,15.78,7,Electrique,Open Night Train Database (Back-on-Track)
Ukrzaliznytsia,078 L,Train de nuit,Nuit,Kovel,Odesa Holovna,17:35,09:08,865.0,15.55,24.05,7,Electrique,Open Night Train Database (Back-on-Track)
Ukrzaliznytsia,078 Š,Train de nuit,Nuit,Odesa Holovna,Kovel,17:03,09:31,865.0,16.47,24.05,7,Electrique,Open Night Train Database (Back-on-Track)
Ukrzaliznytsia,079,Train de nuit,Nuit,Dnipro Holovny,Lviv,22:09,12:59,1077.0,14.83,17.83,7,Electrique,Open Night Train Database (Back-on-Track)
Ukrzaliznytsia,080,Train de nuit,Nuit,Lviv,Dnipro Holovny,15:03,06:06,1077.0,15.05,17.83,7,Electrique,Open Night Train Database (Back-on-Track)
Ukrzaliznytsia,081 K,Train de nuit,Nuit,Kyiv Pasazhyrskyi,Uzhhorod,18:35,10:59,922.0,16.4,16.7,7,Electrique,Open Night Train Database (Back-on-Track)
Ukrzaliznytsia,081 L,Train de nuit,Nuit,Uzhhorod,Kyiv Pasazhyrskyi,16:17,08:32,922.0,16.25,16.7,7,Electrique,Open Night Train Database (Back-on-Track)
Ukrzaliznytsia,086 L,Train de nuit,Nuit,Lviv,Zaporizhzhia 1,10:48,06:30,1209.0,19.7,15.96,7,Electrique,Open Night Train Database (Back-on-Track)
Ukrzaliznytsia,086 P,Train de nuit,Nuit,Zaporizhzhia 1,Lviv,18:48,14:15,1209.0,19.45,15.96,7,Electrique,Open Night Train Database (Back-on-Track)
Ukrzaliznytsia,088 L,Train de nuit,Nuit,Kovel,Zaporizhzhia 1,17:35,13:43,1110.0,20.13,16.13,7,Electrique,Open Night Train Database (Back-on-Track)
Ukrzaliznytsia,088 P,Train de nuit,Nuit,Zaporizhzhia 1,Kovel,16:30,13:40,1110.0,21.17,16.13,7,Electrique,Open Night Train Database (Back-on-Track)
Ukrzaliznytsia,091,Train de nuit,Nuit,Kyiv Pasazhyrskyi,Lviv,22:57,06:33,564.0,7.6,19.86,7,Electrique,Open Night Train Database (Back-on-Track)
Ukrzaliznytsia,092,Train de nuit,Nuit,Lviv,Kyiv Pasazhyrskyi,23:05,06:19,564.0,7.23,19.86,7,Electrique,Open Night Train Database (Back-on-Track)
Ukrzaliznytsia,093,Train de nuit,Nuit,Kharkiv,Chelm,13:32,11:05,1160.0,21.55,17.07,7,Electrique,Open Night Train Database (Back-on-Track)
Ukrzaliznytsia,094,Train de nuit,Nuit,Chelm,Kharkiv,16:42,13:53,1160.0,21.18,17.07,7,Electrique,Open Night Train Database (Back-on-Track)
Ukrzaliznytsia,095,Train de nuit,Nuit,Kyiv Pasazhyrskyi,Rakhiv,20:38,09:25,892.0,12.78,,7,Electrique,Open Night Train Database (Back-on-Track)
Ukrzaliznytsia,096,Train de nuit,Nuit,Rakhiv,Kyiv Pasazhyrskyi,21:14,10:57,892.0,13.72,,7,Electrique,Open Night Train Database (Back-on-Track)
Ukrzaliznytsia,097,Train de nuit,Nuit,Kyiv Pasazhyrskyi,Kovel,23:10,08:53,529.0,9.72,30.25,7,Electrique,Open Night Train Database (Back-on-Track)
Ukrzaliznytsia,098,Train de nuit,Nuit,Kovel,Kyiv Pasazhyrskyi,19:15,05:57,529.0,10.7,30.25,7,Electrique,Open Night Train Database (Back-on-Track)
Ukrzaliznytsia,099,Train de nuit,Nuit,Kyiv Pasazhyrskyi,București Nord,06:30,06:47,1036.0,23.28,16.02,7,Electrique,Open Night Train Database (Back-on-Track)
Ukrzaliznytsia,100,Train de nuit,Nuit,București Nord,Kyiv Pasazhyrskyi,19:10,19:37,1036.0,23.45,16.02,7,Electrique,Open Night Train Database (Back-on-Track)
Ukrzaliznytsia,105,Train de nuit,Nuit,Kyiv Pasazhyrskyi,Odesa Holovna,22:08,06:13,653.0,8.08,15.47,7,Electrique,Open Night Train Database (Back-on-Track)
Ukrzaliznytsia,106,Train de nuit,Nuit,Odesa Holovna,Kyiv Pasazhyrskyi,22:05,07:50,653.0,9.75,15.47,7,Electrique,Open Night Train Database (Back-on-Track)
Ukrzaliznytsia,109,Train de nuit,Nuit,Kherson,Lviv,13:35,10:23,1199.0,20.8,,7,Electrique,Open Night Train Database (Back-on-Track)
Ukrzaliznytsia,110,Train de nuit,Nuit,Lviv,Kherson,16:03,12:50,1199.0,20.78,,7,Electrique,Open Night Train Database (Back-on-Track)
Ukrzaliznytsia,112 L,Train de nuit,Nuit,Lviv,Izyum,15:30,11:15,1242.0,19.75,,7,Electrique,Open Night Train Database (Back-on-Track)
Ukrzaliznytsia,112 P,Train de nuit,Nuit,Izyum,Lviv,18:29,13:39,1242.0,19.17,,7,Electrique,Open Night Train Database (Back-on-Track)
Ukrzaliznytsia,113,Train de nuit,Nuit,Kharkiv,Lviv,07:50,09:11,1108.0,25.35,,7,Electrique,Open Night Train Database (Back-on-Track)
Ukrzaliznytsia,114,Train de nuit,Nuit,Lviv,Kharkiv,17:11,19:26,1108.0,26.25,,7,Electrique,Open Night Train Database (Back-on-Track)
Ukrzaliznytsia,121,Train de nuit,Nuit,Kherson,Kyiv Pasazhyrskyi,16:40,09:20,677.0,16.67,,7,Electrique,Open Night Train Database (Back-on-Track)
Ukrzaliznytsia,122,Train de nuit,Nuit,Kyiv Pasazhyrskyi,Kherson,21:08,08:33,677.0,11.42,,7,Electrique,Open Night Train Database (Back-on-Track)
Ukrzaliznytsia,128 L,Train de nuit,Nuit,Lviv,Zaporizhzhia 1,13:58,15:36,1209.0,25.63,,7,Electrique,Open Night Train Database (Back-on-Track)
Ukrzaliznytsia,128 P,Train de nuit,Nuit,Zaporizhzhia 1,Lviv Pidzamche,09:50,12:24,1209.0,26.57,,7,Electrique,Open Night Train Database (Back-on-Track)
Ukrzaliznytsia,136 L,Train de nuit,Nuit,Chernivtsi,Odesa Holovna,14:57,08:26,1011.0,17.48,,7,Electrique,Open Night Train Database (Back-on-Track)
Ukrzaliznytsia,136 Š,Train de nuit,Nuit,Odesa Holovna,Chernivtsi,18:19,11:23,1011.0,17.07,,7,Electrique,Open Night Train Database (Back-on-Track)
Ukrzaliznytsia,139,Train de nuit,Nuit,Kyiv Pasazhyrskyi,Kamianets-Podilskyi,23:32,08:36,458.0,9.07,,7,Electrique,Open Night Train Database (Back-on-Track)
Ukrzaliznytsia,140,Train de nuit,Nuit,Kamianets-Podilskyi,Kyiv Pasazhyrskyi,20:12,05:20,458.0,9.13,,7,Electrique,Open Night Train Database (Back-on-Track)
Ukrzaliznytsia,141,Train de nuit,Nuit,Ivano-Frankivsk,Chernihiv,14:44,07:54,961.0,17.17,,7,Electrique,Open Night Train Database (Back-on-Track)
Ukrzaliznytsia,142,Train de nuit,Nuit,Chernihiv,Ivano-Frankivsk,21:18,13:20,961.0,16.03,,7,Electrique,Open Night Train Database (Back-on-Track)
Ukrzaliznytsia,143,Train de nuit,Nuit,Sumy,Rakhiv,19:01,19:10,961.0,24.15,,7,Electrique,Open Night Train Database (Back-on-Track)
Ukrzaliznytsia,144,Train de nuit,Nuit,Rakhiv,Sumy,09:54,09:56,1243.0,24.03,,7,Electrique,Open Night Train Database (Back-on-Track)
Ukrzaliznytsia,149,Train de nuit,Nuit,Poltava,Chernivtsi,17:24,12:25,1073.0,19.02,19.2,7,Electrique,Open Night Train Database (Back-on-Track)
Ukrzaliznytsia,150,Train de nuit,Nuit,Chernivtsi,Poltava,14:32,09:37,1073.0,19.08,19.2,7,Electrique,Open Night Train Database (Back-on-Track)
Ukrzaliznytsia,181 L,Train de nuit,Nuit,Ivano-Frankivsk,Dnipro Holovny,12:43,09:25,1221.0,20.7,17.94,7,Electrique,Open Night Train Database (Back-on-Track)
Ukrzaliznytsia,181 P,Train de nuit,Nuit,Dnipro Holovny,Ivano-Frankivsk,14:35,11:22,1221.0,20.78,17.94,7,Electrique,Open Night Train Database (Back-on-Track)
Ukrzaliznytsia,192 P,Train de nuit,Nuit,Kramatorsk,Odesa Holovna,17:32,13:04,1278.0,19.53,15.57,7,Electrique,Open Night Train Database (Back-on-Track)
Ukrzaliznytsia,192 Š,Train de nuit,Nuit,Odesa Holovna,Kramatorsk,20:58,16:45,1278.0,19.78,15.57,7,Electrique,Open Night Train Database (Back-on-Track)
Ukrzaliznytsia,194 L,Train de nuit,Nuit,Yasinia,Kryvyi Rih,13:28,10:34,1288.0,21.1,,7,Electrique,Open Night Train Database (Back-on-Track)
Ukrzaliznytsia,194 P,Train de nuit,Nuit,Kryvyi Rih,Yasinia,11:02,10:06,1288.0,23.07,,7,Electrique,Open Night Train Database (Back-on-Track)
Ukrzaliznytsia,357,Train de nuit,Nuit,Kyiv Pasazhyrskyi,Yasinia,20:37,13:25,872.0,16.8,,7,Electrique,Open Night Train Database (Back-on-Track)
Ukrzaliznytsia,358,Train de nuit,Nuit,Yasinia,Kyiv Pasazhyrskyi,14:04,07:47,872.0,17.72,,7,Electrique,Open Night Train Database (Back-on-Track)
UZ/CFM,351 K,Train de nuit,Nuit,Kyiv Pasazhyrskyi,Chişinău,18:06,11:53,720.0,17.78,,7,Electrique,Open Night Train Database (Back-on-Track)
UZ/CFM,351 L,Train de nuit,Nuit,Chişinău,Kyiv Pasazhyrskyi,17:42,11:17,720.0,17.58,,7,Electrique,Open Night Train Database (Back-on-Track)
UZ/ÖBB,40149,Train de nuit,Nuit,Wien Westbf,Kyiv Pasazhyrskyi,18:30,16:58,1477.0,22.47,17.47,7,Electrique,Open Night Train Database (Back-on-Track)
UZ/ÖBB,40749,Train de nuit,Nuit,Kyiv Pasazhyrskyi,Wien Hbf,13:05,08:53,1477.0,19.8,17.47,7,Electrique,Open Night Train Database (Back-on-Track)
VR Finland,IC 265,Train de nuit,Nuit,Helsinki / Helsingfors,Kemijärvi,19:29,08:50,983.0,13.35,14.04,7,Electrique,Open Night Train Database (Back-on-Track)
VR Finland,IC 274,Train de nuit,Nuit,Kemijärvi,Helsinki / Helsingfors,19:00,09:15,983.0,14.25,14.04,7,Electrique,Open Night Train Database (Back-on-Track)
VR Finland,IC 266 (H),Train de nuit,Nuit,Rovaniemi,Helsinki / Helsingfors,17:52,06:27,899.0,12.58,13.46,7,Electrique,Open Night Train Database (Back-on-Track)
VR Finland,IC 273,Train de nuit,Nuit,Helsinki / Helsingfors,Rovaniemi,23:13,11:03,899.0,11.83,13.46,7,Electrique,Open Night Train Database (Back-on-Track)
VR Finland,IC 266 (T),Train de nuit,Nuit,Rovaniemi,Turku satama / Åbo hamn,17:52,07:52,899.0,14.0,12.57,7,Electrique,Open Night Train Database (Back-on-Track)
VR Finland,IC 933,Train de nuit,Nuit,Turku satama / Åbo hamn,Rovaniemi,20:20,10:59,899.0,14.65,12.57,7,Electrique,Open Night Train Database (Back-on-Track)
VR Finland,P 269,Train de nuit,Nuit,Helsinki / Helsingfors,Kolari,20:24,10:55,989.0,14.52,14.05,7,Electrique,Open Night Train Database (Back-on-Track)
VR Finland,P 276,Train de nuit,Nuit,Kolari,Helsinki / Helsingfors,19:42,10:34,989.0,14.87,14.05,7,Electrique,Open Night Train Database (Back-on-Track)
VY,605,Train de nuit,Nuit,Oslo S,Bergen,23:03,06:23,482.0,7.33,0.33,7,Electrique,Open Night Train Database (Back-on-Track)
VY,606,Train de nuit,Nuit,Bergen,Oslo S,23:01,06:27,482.0,7.43,0.33,7,Electrique,Open Night Train Database (Back-on-Track)
ŽS/ŽPCG,433,Train de nuit,Nuit,Zemun,Bar,19:35,06:54,469.0,11.32,29.21,7,Electrique,Open Night Train Database (Back-on-Track)
ŽS/ŽPCG,1130 / 432,Train de nuit,Nuit,Bar,Zemun,20:10,07:25,469.0,11.25,29.21,7,Electrique,Open Night Train Database (Back-on-Track)
ZSSK,R 680,Train de nuit,Nuit,Humenné,Bratislava hl.st.,21:51,05:33,529.0,7.7,8.88,7,Electrique,Open Night Train Database (Back-on-Track)
ZSSK,R 681,Train de nuit,Nuit,Bratislava hl.st.,Humenné,22:55,07:29,529.0,8.57,8.88,7,Electrique,Open Night Train Database (Back-on-Track)
ZSSK,EN 442,Train de nuit,Nuit,Humenné,Praha hl.n.,19:31,07:46,745.0,12.25,16.91,7,Electrique,Open Night Train Database (Back-on-Track)
ZSSK,EN 443,Train de nuit,Nuit,Praha hl.n.,Humenné,22:16,10:29,745.0,12.22,16.91,7,Electrique,Open Night Train Database (Back-on-Track)
ZSSK,EN 1152,Train de nuit,Nuit,Split,Bratislava Nové Mesto,17:29,11:00,931.0,17.52,7.73,7,Electrique,Open Night Train Database (Back-on-Track)
ZSSK,EN 1153,Train de nuit,Nuit,Bratislava Nové Mesto,Split,15:26,08:20,931.0,16.9,17.86,7,Electrique,Open Night Train Database (Back-on-Track)
